Zeit,Position
0.01,11.69
0.02,12.380000000000001
0.029999999999999999,12.26
0.040000000000000001,12.32
0.050000000000000003,13.539999999999999
0.059999999999999998,14.050000000000001
0.070000000000000007,16.039999999999999
0.080000000000000002,16.91
0.089999999999999997,17.109999999999999
0.10000000000000001,18.870000000000001
0.11,20.359999999999999
0.12,21.219999999999999
0.13,22.710000000000001
0.14000000000000001,23.780000000000001
0.14999999999999999,24.620000000000001
